Year,City,Sport,Athlete,Country,Gender,Event,Medal
1976,Innsbruck,Luge,"SCHACHNER, Franz",AUT,Men,Doubles,Bronze
1976,Innsbruck,Luge,"SCHMID, Rudolf",AUT,Men,Doubles,Bronze
1976,Innsbruck,Skiing,"KLAMMER, Franz",AUT,Men,Downhill,Gold
1976,Innsbruck,Skiing,"TOTSCHNIGG, Brigitte",AUT,Women,Downhill,Silver
1976,Innsbruck,Skiing,"SCHNABL, Karl",AUT,Men,K120 Individual (90M),Gold
1976,Innsbruck,Skiing,"INNAUER, Anton",AUT,Men,K120 Individual (90M),Silver
1976,Innsbruck,Skiing,"SCHNABL, Karl",AUT,Men,K90 Individual (70M),Bronze
1976,Innsbruck,Skating,"CRANSTON, Toller",CAN,Men,Individual,Bronze
1976,Innsbruck,Skating,"PRIESTNER, Cathy",CAN,Women,500M,Silver
1976,Innsbruck,Skiing,"KREINER, Kathy",CAN,Women,Giant Slalom,Gold
1976,Innsbruck,Biathlon,"IKOLA, Heikki",FIN,Men,20KM,Silver
1976,Innsbruck,Biathlon,"FLe_JT, Henrik",FIN,Men,4X7.5KM Relay,Silver
1976,Innsbruck,Biathlon,"IKOLA, Heikki",FIN,Men,4X7.5KM Relay,Silver
1976,Innsbruck,Biathlon,"SAIRA, Esko",FIN,Men,4X7.5KM Relay,Silver
1976,Innsbruck,Biathlon,"SUUTARINEN, Juhani",FIN,Men,4X7.5KM Relay,Silver
1976,Innsbruck,Skiing,"TAKALO, Helena",FIN,Women,10KM,Silver
1976,Innsbruck,Skiing,"KOIVISTO, Arto",FIN,Men,15KM,Bronze
1976,Innsbruck,Skiing,"KOIVISTO, Arto",FIN,Men,4X10KM Relay,Gold
1976,Innsbruck,Skiing,"MIETO, Juha",FIN,Men,4X10KM Relay,Gold
1976,Innsbruck,Skiing,"PITKeNEN, Matti",FIN,Men,4X10KM Relay,Gold
1976,Innsbruck,Skiing,"TEURAJeRVI, Pertti",FIN,Men,4X10KM Relay,Gold
1976,Innsbruck,Skiing,"KAJOSMAA, Marjatta",FIN,Women,4X5KM Relay,Silver
1976,Innsbruck,Skiing,"RIIHIVUORI, Hilkka",FIN,Women,4X5KM Relay,Silver
1976,Innsbruck,Skiing,"SUIKHONEN, Liisa",FIN,Women,4X5KM Relay,Silver
1976,Innsbruck,Skiing,"TAKALO, Helena",FIN,Women,4X5KM Relay,Silver
1976,Innsbruck,Skiing,"TAKALO, Helena",FIN,Women,5KM,Gold
1976,Innsbruck,Skiing,"DEBERNARD, Danieele",FRA,Women,Giant Slalom,Bronze
1976,Innsbruck,Bobsleigh,"BITTNER, Bodo",FRG,Men,Four-Man,Bronze
1976,Innsbruck,Bobsleigh,"SCHUMANN, Manfred",FRG,Men,Four-Man,Bronze
1976,Innsbruck,Bobsleigh,"UTZSCHNEIDER, Peter",FRG,Men,Four-Man,Bronze
1976,Innsbruck,Bobsleigh,"ZIMMERER, Wolfgang",FRG,Men,Four-Man,Bronze
1976,Innsbruck,Bobsleigh,"SCHUMANN, Manfred",FRG,Men,Two-Man,Silver
1976,Innsbruck,Bobsleigh,"ZIMMERER, Wolfgang",FRG,Men,Two-Man,Silver
1976,Innsbruck,Ice Hockey,"AUHUBER, Klaus",FRG,Men,Ice Hockey,Bronze
1976,Innsbruck,Ice Hockey,"BERNDANER, Ignaz",FRG,Men,Ice Hockey,Bronze
1976,Innsbruck,Ice Hockey,"BOOS, Wolfgang",FRG,Men,Ice Hockey,Bronze
1976,Innsbruck,Ice Hockey,"FUNK, Lorenz",FRG,Men,Ice Hockey,Bronze
1976,Innsbruck,Ice Hockey,"HINTERSTOCKER, Martin",FRG,Men,Ice Hockey,Bronze
1976,Innsbruck,Ice Hockey,"KEHLE, Anton",FRG,Men,Ice Hockey,Bronze
1976,Innsbruck,Ice Hockey,"KIESSLING, Udo",FRG,Men,Ice Hockey,Bronze
1976,Innsbruck,Ice Hockey,"Ke_BERLE, Walter",FRG,Men,Ice Hockey,Bronze
1976,Innsbruck,Ice Hockey,"Ke_PF, Ernst I",FRG,Men,Ice Hockey,Bronze
1976,Innsbruck,Ice Hockey,"KeeHNHACKL, Erich",FRG,Men,Ice Hockey,Bronze
1976,Innsbruck,Ice Hockey,"METZ, Stefan",FRG,Men,Ice Hockey,Bronze
1976,Innsbruck,Ice Hockey,"PHILIPP, Rainer",FRG,Men,Ice Hockey,Bronze
1976,Innsbruck,Ice Hockey,"REINDL, Franz",FRG,Men,Ice Hockey,Bronze
1976,Innsbruck,Ice Hockey,"SCHLODER, Alois",FRG,Men,Ice Hockey,Bronze
1976,Innsbruck,Ice Hockey,"THANNER, Rudolf",FRG,Men,Ice Hockey,Bronze
1976,Innsbruck,Ice Hockey,"Ve_LK, Josef",FRG,Men,Ice Hockey,Bronze
1976,Innsbruck,Ice Hockey,"VOZAR, Ferenc",FRG,Men,Ice Hockey,Bronze
1976,Innsbruck,Ice Hockey,"WEISHAUPT, Erich",FRG,Men,Ice Hockey,Bronze
1976,Innsbruck,Luge,"BRANDNER, Hans",FRG,Men,Doubles,Silver
1976,Innsbruck,Luge,"SCHWARM, Balthasar",FRG,Men,Doubles,Silver
1976,Innsbruck,Luge,"FENDT, Josef",FRG,Men,Singles,Silver
1976,Innsbruck,Luge,"DEMLEITNER, Elisabeth",FRG,Women,Singles,Bronze
1976,Innsbruck,Skiing,"MITTERMAIER, Rosi",FRG,Women,Downhill,Gold
1976,Innsbruck,Skiing,"MITTERMAIER, Rosi",FRG,Women,Giant Slalom,Silver
1976,Innsbruck,Skiing,"MITTERMAIER, Rosi",FRG,Women,Slalom,Gold
1976,Innsbruck,Skiing,"HETTICH, Urban",FRG,Men,Individual,Silver
1976,Innsbruck,Skating,"CURRY, John",GBR,Men,Individual,Gold
1976,Innsbruck,Biathlon,"BEER, Manfred",GDR,Men,4X7.5KM Relay,Bronze
1976,Innsbruck,Biathlon,"GEYER, Manfred",GDR,Men,4X7.5KM Relay,Bronze
1976,Innsbruck,Biathlon,"MENZ, Karl-Heinz",GDR,Men,4X7.5KM Relay,Bronze
1976,Innsbruck,Biathlon,"ULLRICH, Frank",GDR,Men,4X7.5KM Relay,Bronze
1976,Innsbruck,Bobsleigh,"BABOCK, Jochen",GDR,Men,Four-Man,Gold
1976,Innsbruck,Bobsleigh,"GERMESHAUSEN, Bernhard",GDR,Men,Four-Man,Gold
1976,Innsbruck,Bobsleigh,"LEHMANN, Bernhard",GDR,Men,Four-Man,Gold
1976,Innsbruck,Bobsleigh,"NEHMER, Meinhard",GDR,Men,Four-Man,Gold
1976,Innsbruck,Bobsleigh,"GERMESHAUSEN, Bernhard",GDR,Men,Two-Man,Gold
1976,Innsbruck,Bobsleigh,"NEHMER, Meinhard",GDR,Men,Two-Man,Gold
1976,Innsbruck,Luge,"HAHN, Norbert",GDR,Men,Doubles,Gold
1976,Innsbruck,Luge,"RINN, Hans",GDR,Men,Doubles,Gold
1976,Innsbruck,Luge,"RINN, Hans",GDR,Men,Singles,Bronze
1976,Innsbruck,Luge,"GeeNTHER, Detlef",GDR,Men,Singles,Gold
1976,Innsbruck,Luge,"SCHUMANN, Margit",GDR,Women,Singles,Gold
1976,Innsbruck,Luge,"ReeHROLD, Ute",GDR,Women,Singles,Silver
1976,Innsbruck,Skating,"ERRATH, Christine",GDR,Women,Individual,Bronze
1976,Innsbruck,Skating,"GROSS, Manuela",GDR,Women,Pairs,Bronze
1976,Innsbruck,Skating,"KAGELMANN, Uwe",GDR,Men,Pairs,Bronze
1976,Innsbruck,Skating,"KERMER, Romy",GDR,Women,Pairs,Silver
1976,Innsbruck,Skating,"e_STERREICH, Rolf",GDR,Men,Pairs,Silver
1976,Innsbruck,Skating,"EHRIG, Andrea",GDR,Women,3000M,Silver
1976,Innsbruck,Skiing,"DEBERTSHeUSER, Monika",GDR,Women,4X5KM Relay,Bronze
1976,Innsbruck,Skiing,"KRAUSE, Sigrun",GDR,Women,4X5KM Relay,Bronze
1976,Innsbruck,Skiing,"PETZOLD, Barbara",GDR,Women,4X5KM Relay,Bronze
1976,Innsbruck,Skiing,"SCHMIDT, Veronika",GDR,Women,4X5KM Relay,Bronze
1976,Innsbruck,Skiing,"KLAUSE, Gerd-Dietmar",GDR,Men,50KM,Silver
1976,Innsbruck,Skiing,"WINKLER, Konrad",GDR,Men,Individual,Bronze
1976,Innsbruck,Skiing,"WEHLING, Ulrich",GDR,Men,Individual,Gold
1976,Innsbruck,Skiing,"GLASS, Henry",GDR,Men,K120 Individual (90M),Bronze
1976,Innsbruck,Skiing,"ASCHENBACH, Hans-Georg",GDR,Men,K90 Individual (70M),Gold
1976,Innsbruck,Skiing,"DANNEBERG, Jochen",GDR,Men,K90 Individual (70M),Silver
1976,Innsbruck,Skiing,"PLANK, Herbert",ITA,Men,Downhill,Bronze
1976,Innsbruck,Skiing,"GROS, Piero",ITA,Men,Slalom,Gold
1976,Innsbruck,Skiing,"THe_NI, Gustavo",ITA,Men,Slalom,Silver
1976,Innsbruck,Skiing,"GIORDANI, Claudia",ITA,Women,Slalom,Silver
1976,Innsbruck,Skiing,"FROMMELT, Willy",LIE,Men,Slalom,Bronze
1976,Innsbruck,Skiing,"WENZEL, Hanni",LIE,Women,Slalom,Bronze
1976,Innsbruck,Skating,"DE LEEUW, Dianne",NED,Women,Individual,Silver
1976,Innsbruck,Skating,"VAN HELDEN, Hans",NED,Men,10000M,Bronze
1976,Innsbruck,Skating,"KLEINE, Piet",NED,Men,10000M,Gold
1976,Innsbruck,Skating,"VAN HELDEN, Hans",NED,Men,1500M,Bronze
1976,Innsbruck,Skating,"VAN HELDEN, Hans",NED,Men,5000M,Bronze
1976,Innsbruck,Skating,"KLEINE, Piet",NED,Men,5000M,Silver
1976,Innsbruck,Skating,"STENSEN, Sten",NOR,Men,10000M,Silver
1976,Innsbruck,Skating,"DIDRIKSEN, Je_rn",NOR,Men,1000M,Silver
1976,Innsbruck,Skating,"STORHOLT, Jan Egil",NOR,Men,1500M,Gold
1976,Innsbruck,Skating,"KORSMO, Lisbeth",NOR,Women,3000M,Bronze
1976,Innsbruck,Skating,"STENSEN, Sten",NOR,Men,5000M,Gold
1976,Innsbruck,Skiing,"FORMO, Ivar",NOR,Men,4X10KM Relay,Silver
1976,Innsbruck,Skiing,"MARTINSEN, Odd",NOR,Men,4X10KM Relay,Silver
1976,Innsbruck,Skiing,"SAGSTUEN, Einar",NOR,Men,4X10KM Relay,Silver
1976,Innsbruck,Skiing,"TYLDUM, Paal",NOR,Men,4X10KM Relay,Silver
1976,Innsbruck,Skiing,"FORMO, Ivar",NOR,Men,50KM,Gold
1976,Innsbruck,Bobsleigh,"BeCHLI, Ulrich",SUI,Men,Four-Man,Silver
1976,Innsbruck,Bobsleigh,"BENZ, Joseph",SUI,Men,Four-Man,Silver
1976,Innsbruck,Bobsleigh,"MARTI, Rudolf",SUI,Men,Four-Man,Silver
1976,Innsbruck,Bobsleigh,"SCHeRER, Erich",SUI,Men,Four-Man,Silver
1976,Innsbruck,Bobsleigh,"BENZ, Joseph",SUI,Men,Two-Man,Bronze
1976,Innsbruck,Bobsleigh,"SCHeRER, Erich",SUI,Men,Two-Man,Bronze
1976,Innsbruck,Skiing,"RUSSI, Bernhard",SUI,Men,Downhill,Silver
1976,Innsbruck,Skiing,"HEMMI, Heini",SUI,Men,Giant Slalom,Gold
1976,Innsbruck,Skiing,"GOOD, Ernst",SUI,Men,Giant Slalom,Silver
1976,Innsbruck,Skiing,"STENMARK, Ingemar",SWE,Men,Giant Slalom,Bronze
1976,Innsbruck,Skiing,"Se_DERGREN, Benny",SWE,Men,50KM,Bronze
1976,Innsbruck,Ice Hockey,"AUGUSTA, Josef",TCH,Men,Ice Hockey,Silver
1976,Innsbruck,Ice Hockey,"BUBLA, Jiri",TCH,Men,Ice Hockey,Silver
1976,Innsbruck,Ice Hockey,"CHALUPA, Milan",TCH,Men,Ice Hockey,Silver
1976,Innsbruck,Ice Hockey,"CRHA, Jiri",TCH,Men,Ice Hockey,Silver
1976,Innsbruck,Ice Hockey,"DVORAK, Miroslav",TCH,Men,Ice Hockey,Silver
1976,Innsbruck,Ice Hockey,"EBERMANN, Bohuslav",TCH,Men,Ice Hockey,Silver
1976,Innsbruck,Ice Hockey,"HLINKA, Ivan",TCH,Men,Ice Hockey,Silver
1976,Innsbruck,Ice Hockey,"HOLECEK, Jiri",TCH,Men,Ice Hockey,Silver
1976,Innsbruck,Ice Hockey,"HOLIK, Jiri",TCH,Men,Ice Hockey,Silver
1976,Innsbruck,Ice Hockey,"KAJKL, Milan",TCH,Men,Ice Hockey,Silver
1976,Innsbruck,Ice Hockey,"MACHAC, Oldrich",TCH,Men,Ice Hockey,Silver
1976,Innsbruck,Ice Hockey,"MARTINEC, Vladimir",TCH,Men,Ice Hockey,Silver
1976,Innsbruck,Ice Hockey,"NOVAK, Eduard",TCH,Men,Ice Hockey,Silver
1976,Innsbruck,Ice Hockey,"NOVAK, Jiri",TCH,Men,Ice Hockey,Silver
1976,Innsbruck,Ice Hockey,"NOVY, Milan",TCH,Men,Ice Hockey,Silver
1976,Innsbruck,Ice Hockey,"POSPISIL, Frantisek",TCH,Men,Ice Hockey,Silver
1976,Innsbruck,Ice Hockey,"POUZAR, Jaroslav",TCH,Men,Ice Hockey,Silver
1976,Innsbruck,Ice Hockey,"STASTNY, Bohuslav",TCH,Men,Ice Hockey,Silver
1976,Innsbruck,Biathlon,"YELIZAROV, Aleksandr",URS,Men,20KM,Bronze
1976,Innsbruck,Biathlon,"KRUGLOV, Nikolay",URS,Men,20KM,Gold
1976,Innsbruck,Biathlon,"BIAKOV, Ivan",URS,Men,4X7.5KM Relay,Gold
1976,Innsbruck,Biathlon,"KRUGLOV, Nikolay",URS,Men,4X7.5KM Relay,Gold
1976,Innsbruck,Biathlon,"TIKHONOV, Aleksandr",URS,Men,4X7.5KM Relay,Gold
1976,Innsbruck,Biathlon,"YELIZAROV, Aleksandr",URS,Men,4X7.5KM Relay,Gold
1976,Innsbruck,Ice Hockey,"ALEKSANDROV, Boris",URS,Men,Ice Hockey,Gold
1976,Innsbruck,Ice Hockey,"BABINOV, Sergey",URS,Men,Ice Hockey,Gold
1976,Innsbruck,Ice Hockey,"GUSEV, Aleksandr",URS,Men,Ice Hockey,Gold
1976,Innsbruck,Ice Hockey,"KAPUSTIN, Sergey",URS,Men,Ice Hockey,Gold
1976,Innsbruck,Ice Hockey,"KHARLAMOV, Valery",URS,Men,Ice Hockey,Gold
1976,Innsbruck,Ice Hockey,"LUTCHENKO, Vladimir",URS,Men,Ice Hockey,Gold
1976,Innsbruck,Ice Hockey,"LYAPKIN, Yury",URS,Men,Ice Hockey,Gold
1976,Innsbruck,Ice Hockey,"MALTSEV, Aleksandr",URS,Men,Ice Hockey,Gold
1976,Innsbruck,Ice Hockey,"MIKHAYLOV, Boris",URS,Men,Ice Hockey,Gold
1976,Innsbruck,Ice Hockey,"PETROV, Vladimir",URS,Men,Ice Hockey,Gold
1976,Innsbruck,Ice Hockey,"SHADRIN, Vladimir",URS,Men,Ice Hockey,Gold
1976,Innsbruck,Ice Hockey,"SHALIMOV, Viktor",URS,Men,Ice Hockey,Gold
1976,Innsbruck,Ice Hockey,"SIDELNIKOV, Aleksandr",URS,Men,Ice Hockey,Gold
1976,Innsbruck,Ice Hockey,"TRETYAK, Vladislav",URS,Men,Ice Hockey,Gold
1976,Innsbruck,Ice Hockey,"TSYGANKOV, Gennady",URS,Men,Ice Hockey,Gold
1976,Innsbruck,Ice Hockey,"VASILYEV, Valery",URS,Men,Ice Hockey,Gold
1976,Innsbruck,Ice Hockey,"YAKUSHEV, Aleksandr",URS,Men,Ice Hockey,Gold
1976,Innsbruck,Ice Hockey,"ZHLUKTOV, Viktor",URS,Men,Ice Hockey,Gold
1976,Innsbruck,Skating,"GORSHKOV, Aleksandr",URS,Men,Ice Dancing,Gold
1976,Innsbruck,Skating,"PAKHOMOVA, Lyudmila",URS,Women,Ice Dancing,Gold
1976,Innsbruck,Skating,"MINENKOV, Andrey",URS,Men,Ice Dancing,Silver
1976,Innsbruck,Skating,"MOISEYEVA, Irina",URS,Women,Ice Dancing,Silver
1976,Innsbruck,Skating,"KOVALYOV, Vladimir",URS,Men,Individual,Silver
1976,Innsbruck,Skating,"RODNINA, Irina",URS,Women,Pairs,Gold
1976,Innsbruck,Skating,"ZAYTSEV, Aleksandr",URS,Men,Pairs,Gold
1976,Innsbruck,Skating,"MURATOV, Valery",URS,Men,1000M,Bronze
1976,Innsbruck,Skating,"AVERINA, Tatyana",URS,Women,1000M,Gold
1976,Innsbruck,Skating,"KONDAKOV, Yury",URS,Men,1500M,Silver
1976,Innsbruck,Skating,"AVERINA, Tatyana",URS,Women,1500M,Bronze
1976,Innsbruck,Skating,"STEPANSKAYA, Galina",URS,Women,1500M,Gold
1976,Innsbruck,Skating,"AVERINA, Tatyana",URS,Women,3000M,Gold
1976,Innsbruck,Skating,"KULIKOV, Yevgeny",URS,Men,500M,Gold
1976,Innsbruck,Skating,"MURATOV, Valery",URS,Men,500M,Silver
1976,Innsbruck,Skating,"AVERINA, Tatyana",URS,Women,500M,Bronze
1976,Innsbruck,Skiing,"KULAKOVA, Galina",URS,Women,10KM,Bronze
1976,Innsbruck,Skiing,"SMETANINA, Raisa",URS,Women,10KM,Gold
1976,Innsbruck,Skiing,"BAZHUKOV, Nikolay",URS,Men,15KM,Gold
1976,Innsbruck,Skiing,"BELYAEV, Yevgeny",URS,Men,15KM,Silver
1976,Innsbruck,Skiing,"GARANIN, Ivan",URS,Men,30KM Mass Start,Bronze
1976,Innsbruck,Skiing,"SAVELYEV, Sergey",URS,Men,30KM Mass Start,Gold
1976,Innsbruck,Skiing,"BAZHUKOV, Nikolay",URS,Men,4X10KM Relay,Bronze
1976,Innsbruck,Skiing,"BELYAEV, Yevgeny",URS,Men,4X10KM Relay,Bronze
1976,Innsbruck,Skiing,"GARANIN, Ivan",URS,Men,4X10KM Relay,Bronze
1976,Innsbruck,Skiing,"SAVELYEV, Sergey",URS,Men,4X10KM Relay,Bronze
1976,Innsbruck,Skiing,"AMOSOVA, Zinaida",URS,Women,4X5KM Relay,Gold
1976,Innsbruck,Skiing,"BALDYCHEVA, Nina",URS,Women,4X5KM Relay,Gold
1976,Innsbruck,Skiing,"KULAKOVA, Galina",URS,Women,4X5KM Relay,Gold
1976,Innsbruck,Skiing,"SMETANINA, Raisa",URS,Women,4X5KM Relay,Gold
1976,Innsbruck,Skiing,"BALDYCHEVA, Nina",URS,Women,5KM,Bronze
1976,Innsbruck,Skiing,"SMETANINA, Raisa",URS,Women,5KM,Silver
1976,Innsbruck,Skating,"MILLNS, James",USA,Men,Ice Dancing,Bronze
1976,Innsbruck,Skating,"O'CONNOR, Colleen",USA,Women,Ice Dancing,Bronze
1976,Innsbruck,Skating,"HAMILL, Dorothy",USA,Women,Individual,Gold
1976,Innsbruck,Skating,"MUELLER, Peter",USA,Men,1000M,Gold
1976,Innsbruck,Skating,"YOUNG, Sheila",USA,Women,1000M,Bronze
1976,Innsbruck,Skating,"MUELLER, Leah",USA,Women,1000M,Silver
1976,Innsbruck,Skating,"YOUNG, Sheila",USA,Women,1500M,Silver
1976,Innsbruck,Skating,"IMMERFALL, Daniel",USA,Men,500M,Bronze
1976,Innsbruck,Skating,"YOUNG, Sheila",USA,Women,500M,Gold
1976,Innsbruck,Skiing,"NELSON, Cynthia",USA,Women,Downhill,Bronze
1976,Innsbruck,Skiing,"KOCH, William",USA,Men,30KM Mass Start,Silver
1980,Lake Placid,Luge,"FLUCKINGER, Georg",AUT,Men,Doubles,Bronze
1980,Lake Placid,Luge,"SCHROTT, Karl",AUT,Men,Doubles,Bronze
1980,Lake Placid,Skiing,"STOCK, Leonhard",AUT,Men,Downhill,Gold
1980,Lake Placid,Skiing,"WIRNSBERGER, Peter",AUT,Men,Downhill,Silver
1980,Lake Placid,Skiing,"MOSER-PROLL, Annemarie",AUT,Women,Downhill,Gold
1980,Lake Placid,Skiing,"ENN, Hans",AUT,Men,Giant Slalom,Bronze
1980,Lake Placid,Skiing,"NEUPER, Hubert",AUT,Men,K120 Individual (90M),Silver
1980,Lake Placid,Skiing,"INNAUER, Anton",AUT,Men,K90 Individual (70M),Gold
1980,Lake Placid,Skiing,"LEBANOV, Ivan",BUL,Men,30KM Mass Start,Bronze
1980,Lake Placid,Skating,"BOUCHER, Gaetan",CAN,Men,1000M,Silver
1980,Lake Placid,Skiing,"PODBORSKI, Steve",CAN,Men,Downhill,Bronze
1980,Lake Placid,Skiing,"TAKALO, Helena",FIN,Women,10KM,Bronze
1980,Lake Placid,Skiing,"RIIHIVUORI, Hilkka",FIN,Women,10KM,Silver
1980,Lake Placid,Skiing,"MIETO, Juha",FIN,Men,15KM,Silver
1980,Lake Placid,Skiing,"KIRVESNIEMI, Harri",FIN,Men,4X10KM Relay,Bronze
1980,Lake Placid,Skiing,"MIETO, Juha",FIN,Men,4X10KM Relay,Bronze
1980,Lake Placid,Skiing,"PITKeNEN, Matti",FIN,Men,4X10KM Relay,Bronze
1980,Lake Placid,Skiing,"TEURAJeRVI, Pertti",FIN,Men,4X10KM Relay,Bronze
1980,Lake Placid,Skiing,"MIETO, Juha",FIN,Men,50KM,Silver
1980,Lake Placid,Skiing,"RIIHIVUORI, Hilkka",FIN,Women,5KM,Silver
1980,Lake Placid,Skiing,"KARJALAINEN, Jouko",FIN,Men,Individual,Silver
1980,Lake Placid,Skiing,"PUIKKONEN, Jari",FIN,Men,K120 Individual (90M),Bronze
1980,Lake Placid,Skiing,"Te_RMeNEN, Jouko",FIN,Men,K120 Individual (90M),Gold
1980,Lake Placid,Skiing,"PELEN, Perrine",FRA,Women,Giant Slalom,Bronze
1980,Lake Placid,Biathlon,"ANGERER, Peter",FRG,Men,4X7.5KM Relay,Bronze
1980,Lake Placid,Biathlon,"BERNREITER, Franz",FRG,Men,4X7.5KM Relay,Bronze
1980,Lake Placid,Biathlon,"ESTNER, Hansi",FRG,Men,4X7.5KM Relay,Bronze
1980,Lake Placid,Biathlon,"WINKLER, Gerhard",FRG,Men,4X7.5KM Relay,Bronze
1980,Lake Placid,Luge,"WINKLER, Anton",FRG,Men,Singles,Bronze
1980,Lake Placid,Skating,"LURZ, Dagmar",FRG,Women,Individual,Bronze
1980,Lake Placid,Skiing,"EPPLE, Irene",FRG,Women,Giant Slalom,Silver
1980,Lake Placid,Skiing,"KINSHOFER GUETHLEIN, Christa",FRG,Women,Slalom,Silver
1980,Lake Placid,Skating,"COUSINS, Robin",GBR,Men,Individual,Gold
1980,Lake Placid,Biathlon,"ULLRICH, Frank",GDR,Men,10KM,Gold
1980,Lake Placid,Biathlon,"ROSCH, Eberhard",GDR,Men,20KM,Bronze
1980,Lake Placid,Biathlon,"ULLRICH, Frank",GDR,Men,20KM,Silver
1980,Lake Placid,Biathlon,"JUNG, Mathias",GDR,Men,4X7.5KM Relay,Silver
1980,Lake Placid,Biathlon,"ROSCH, Eberhard",GDR,Men,4X7.5KM Relay,Silver
1980,Lake Placid,Biathlon,"SIEBERT, Klaus",GDR,Men,4X7.5KM Relay,Silver
1980,Lake Placid,Biathlon,"ULLRICH, Frank",GDR,Men,4X7.5KM Relay,Silver
1980,Lake Placid,Bobsleigh,"KIRCHNER, Andreas",GDR,Men,Four-Man,Bronze
1980,Lake Placid,Bobsleigh,"RICHTER, Detlef",GDR,Men,Four-Man,Bronze
1980,Lake Placid,Bobsleigh,"SCHe_NAU, Horst",GDR,Men,Four-Man,Bronze
1980,Lake Placid,Bobsleigh,"WETZIG, Roland",GDR,Men,Four-Man,Bronze
1980,Lake Placid,Bobsleigh,"GERHARDT, Hans Je_rgen",GDR,Men,Four-Man,Gold
1980,Lake Placid,Bobsleigh,"GERMESHAUSEN, Bernhard",GDR,Men,Four-Man,Gold
1980,Lake Placid,Bobsleigh,"MUSIOL, Bogdan",GDR,Men,Four-Man,Gold
1980,Lake Placid,Bobsleigh,"NEHMER, Meinhard",GDR,Men,Four-Man,Gold
1980,Lake Placid,Bobsleigh,"MUSIOL, Bogdan",GDR,Men,Two-Man,Bronze
1980,Lake Placid,Bobsleigh,"NEHMER, Meinhard",GDR,Men,Two-Man,Bronze
1980,Lake Placid,Bobsleigh,"GERHARDT, Hans Je_rgen",GDR,Men,Two-Man,Silver
1980,Lake Placid,Bobsleigh,"GERMESHAUSEN, Bernhard",GDR,Men,Two-Man,Silver
1980,Lake Placid,Luge,"HAHN, Norbert",GDR,Men,Doubles,Gold
1980,Lake Placid,Luge,"RINN, Hans",GDR,Men,Doubles,Gold
1980,Lake Placid,Luge,"GLASS, Bernhard",GDR,Men,Singles,Gold
1980,Lake Placid,Luge,"SOLLMANN, Melitta",GDR,Women,Singles,Silver
1980,Lake Placid,Skating,"HOFFMANN, Jan",GDR,Men,Individual,Silver
1980,Lake Placid,Skating,"Pe_TZSCH, Anett",GDR,Women,Individual,Gold
1980,Lake Placid,Skating,"BEWERSDORFF, Uwe",GDR,Men,Pairs,Bronze
1980,Lake Placid,Skating,"MAGER, Manuela",GDR,Women,Pairs,Bronze
1980,Lake Placid,Skating,"ALBRECHT, Silvia",GDR,Women,1000M,Bronze
1980,Lake Placid,Skating,"BECKER, Sabine",GDR,Women,1500M,Bronze
1980,Lake Placid,Skating,"BECKER, Sabine",GDR,Women,3000M,Silver
1980,Lake Placid,Skating,"KANIA, Karin",GDR,Women,500M,Gold
1980,Lake Placid,Skiing,"PETZOLD, Barbara",GDR,Women,10KM,Gold
1980,Lake Placid,Skiing,"ANDING, Carola",GDR,Women,4X5KM Relay,Gold
1980,Lake Placid,Skiing,"PETZOLD, Barbara",GDR,Women,4X5KM Relay,Gold
1980,Lake Placid,Skiing,"ROSTOCK, Marlies",GDR,Women,4X5KM Relay,Gold
1980,Lake Placid,Skiing,"SCHMIDT, Veronika",GDR,Women,4X5KM Relay,Gold
1980,Lake Placid,Skiing,"WINKLER, Konrad",GDR,Men,Individual,Bronze
1980,Lake Placid,Skiing,"WEHLING, Ulrich",GDR,Men,Individual,Gold
1980,Lake Placid,Skiing,"DECKERT, Manfred",GDR,Men,K90 Individual (70M),Silver
1980,Lake Placid,Skating,"REGe_CZY, Krisztina",HUN,Women,Ice Dancing,Silver
1980,Lake Placid,Skating,"SALLAY, Andras",HUN,Men,Ice Dancing,Silver
1980,Lake Placid,Luge,"BRUNNER, Karl",ITA,Men,Doubles,Silver
1980,Lake Placid,Luge,"GSCHNITZER, Peter",ITA,Men,Doubles,Silver
1980,Lake Placid,Luge,"HILDGARTNER, Paul",ITA,Men,Singles,Silver
1980,Lake Placid,Skiing,"YAGI, Hirokazu",JPN,Men,K90 Individual (70M),Silver
1980,Lake Placid,Skiing,"WENZEL, Hanni",LIE,Women,Downhill,Silver
1980,Lake Placid,Skiing,"WENZEL, Andreas",LIE,Men,Giant Slalom,Silver
1980,Lake Placid,Skiing,"WENZEL, Hanni",LIE,Women,Giant Slalom,Gold
1980,Lake Placid,Skiing,"WENZEL, Hanni",LIE,Women,Slalom,Gold
1980,Lake Placid,Skating,"KLEINE, Piet",NED,Men,10000M,Silver
1980,Lake Placid,Skating,"BORCKINK, Annie",NED,Women,1500M,Gold
1980,Lake Placid,Skating,"VISSER, Adriana",NED,Women,1500M,Silver
1980,Lake Placid,Skating,"DE BOER, Lieuwe",NED,Men,500M,Bronze
1980,Lake Placid,Skating,"OXHOLM, Tom Erik",NOR,Men,10000M,Bronze
1980,Lake Placid,Skating,"Re_NNING, Frode",NOR,Men,1000M,Bronze
1980,Lake Placid,Skating,"ANDERSEN, Terje",NOR,Men,1500M,Bronze
1980,Lake Placid,Skating,"STENSHJEMMET, Kai Arne",NOR,Men,1500M,Silver
1980,Lake Placid,Skating,"JENSEN, Bje_rg Eva",NOR,Women,3000M,Gold
1980,Lake Placid,Skating,"OXHOLM, Tom Erik",NOR,Men,5000M,Bronze
1980,Lake Placid,Skating,"STENSHJEMMET, Kai Arne",NOR,Men,5000M,Silver
1980,Lake Placid,Skiing,"AUNLI, Ove",NOR,Men,15KM,Bronze
1980,Lake Placid,Skiing,"AALAND, Per Knut",NOR,Men,4X10KM Relay,Silver
1980,Lake Placid,Skiing,"AUNLI, Ove",NOR,Men,4X10KM Relay,Silver
1980,Lake Placid,Skiing,"BRAA, Oddvar",NOR,Men,4X10KM Relay,Silver
1980,Lake Placid,Skiing,"ERIKSEN, Lars Erik",NOR,Men,4X10KM Relay,Silver
1980,Lake Placid,Skiing,"AUNLI, Berit",NOR,Women,4X5KM Relay,Bronze
1980,Lake Placid,Skiing,"Be_E, Anette",NOR,Women,4X5KM Relay,Bronze
1980,Lake Placid,Skiing,"MYRMAEL, Marit",NOR,Women,4X5KM Relay,Bronze
1980,Lake Placid,Skiing,"PETTERSEN, Brit",NOR,Women,4X5KM Relay,Bronze
1980,Lake Placid,Bobsleigh,"BeCHLI, Ulrich",SUI,Men,Four-Man,Silver
1980,Lake Placid,Bobsleigh,"BENZ, Joseph",SUI,Men,Four-Man,Silver
1980,Lake Placid,Bobsleigh,"MARTI, Rudolf",SUI,Men,Four-Man,Silver
1980,Lake Placid,Bobsleigh,"SCHeRER, Erich",SUI,Men,Four-Man,Silver
1980,Lake Placid,Bobsleigh,"BENZ, Joseph",SUI,Men,Two-Man,Gold
1980,Lake Placid,Bobsleigh,"SCHeRER, Erich",SUI,Men,Two-Man,Gold
1980,Lake Placid,Skiing,"NADIG, Marie-Theres",SUI,Women,Downhill,Bronze
1980,Lake Placid,Skiing,"LeeTHY, Jacques",SUI,Men,Slalom,Bronze
1980,Lake Placid,Skiing,"HESS, Erika",SUI,Women,Slalom,Bronze
1980,Lake Placid,Ice Hockey,"AAHLBERG, Mats",SWE,Men,Ice Hockey,Bronze
1980,Lake Placid,Ice Hockey,"ANDERSSON, Sture",SWE,Men,Ice Hockey,Bronze
1980,Lake Placid,Ice Hockey,"BERGLUND, Bo",SWE,Men,Ice Hockey,Bronze
1980,Lake Placid,Ice Hockey,"ERIKSSON, Jan",SWE,Men,Ice Hockey,Bronze
1980,Lake Placid,Ice Hockey,"ERIKSSON, Lars Haakan",SWE,Men,Ice Hockey,Bronze
1980,Lake Placid,Ice Hockey,"ERIKSSON, Thomas",SWE,Men,Ice Hockey,Bronze
1980,Lake Placid,Ice Hockey,"HOLMGREN, Leif",SWE,Men,Ice Hockey,Bronze
1980,Lake Placid,Ice Hockey,"JONSSON, Tomas",SWE,Men,Ice Hockey,Bronze
1980,Lake Placid,Ice Hockey,"LINDBERGH, Per-Eric",SWE,Men,Ice Hockey,Bronze
1980,Lake Placid,Ice Hockey,"Le_FQVIST, William",SWE,Men,Ice Hockey,Bronze
1980,Lake Placid,Ice Hockey,"LUNDHOLM, Bengt",SWE,Men,Ice Hockey,Bronze
1980,Lake Placid,Ice Hockey,"LUNDQVIST, Per",SWE,Men,Ice Hockey,Bronze
1980,Lake Placid,Ice Hockey,"MOLIN, Lars",SWE,Men,Ice Hockey,Bronze
1980,Lake Placid,Ice Hockey,"NeSLUND, Mats",SWE,Men,Ice Hockey,Bronze
1980,Lake Placid,Ice Hockey,"NORBERG, Lennart",SWE,Men,Ice Hockey,Bronze
1980,Lake Placid,Ice Hockey,"SAMUELSSON, Tommy",SWE,Men,Ice Hockey,Bronze
1980,Lake Placid,Ice Hockey,"Se_DERSTRe_M, Dan",SWE,Men,Ice Hockey,Bronze
1980,Lake Placid,Ice Hockey,"WALTIN, Mats",SWE,Men,Ice Hockey,Bronze
1980,Lake Placid,Ice Hockey,"WEINSTOCK, Ulf",SWE,Men,Ice Hockey,Bronze
1980,Lake Placid,Skiing,"STENMARK, Ingemar",SWE,Men,Giant Slalom,Gold
1980,Lake Placid,Skiing,"STENMARK, Ingemar",SWE,Men,Slalom,Gold
1980,Lake Placid,Skiing,"WASSBERG, Thomas",SWE,Men,15KM,Gold
1980,Lake Placid,Skiing,"JERIOVA, Kvetoslava",TCH,Women,5KM,Bronze
1980,Lake Placid,Biathlon,"ALYABYEV, Anatoly",URS,Men,10KM,Bronze
1980,Lake Placid,Biathlon,"ALIKIN, Vladimir",URS,Men,10KM,Silver
1980,Lake Placid,Biathlon,"ALYABYEV, Anatoly",URS,Men,20KM,Gold
1980,Lake Placid,Biathlon,"ALIKIN, Vladimir",URS,Men,4X7.5KM Relay,Gold
1980,Lake Placid,Biathlon,"ALYABYEV, Anatoly",URS,Men,4X7.5KM Relay,Gold
1980,Lake Placid,Biathlon,"BARNACHOV, Vladimir",URS,Men,4X7.5KM Relay,Gold
1980,Lake Placid,Biathlon,"TIKHONOV, Aleksandr",URS,Men,4X7.5KM Relay,Gold
1980,Lake Placid,Ice Hockey,"BALDERIS, Helmuts",URS,Men,Ice Hockey,Silver
1980,Lake Placid,Ice Hockey,"BILJALETDINOV, Zinetula",URS,Men,Ice Hockey,Silver
1980,Lake Placid,Ice Hockey,"FETISOV, Viacheslav",URS,Men,Ice Hockey,Silver
1980,Lake Placid,Ice Hockey,"GOLIKOV, Aleksandr",URS,Men,Ice Hockey,Silver
1980,Lake Placid,Ice Hockey,"GOLIKOV, Vladimir",URS,Men,Ice Hockey,Silver
1980,Lake Placid,Ice Hockey,"KASATONOV, Aleksei",URS,Men,Ice Hockey,Silver
1980,Lake Placid,Ice Hockey,"KHARLAMOV, Valery",URS,Men,Ice Hockey,Silver
1980,Lake Placid,Ice Hockey,"KRUTOV, Vladimir",URS,Men,Ice Hockey,Silver
1980,Lake Placid,Ice Hockey,"LEBEDEV, Yuri",URS,Men,Ice Hockey,Silver
1980,Lake Placid,Ice Hockey,"MAKAROV, Sergei",URS,Men,Ice Hockey,Silver
1980,Lake Placid,Ice Hockey,"MALTSEV, Aleksandr",URS,Men,Ice Hockey,Silver
1980,Lake Placid,Ice Hockey,"MIKHAYLOV, Boris",URS,Men,Ice Hockey,Silver
1980,Lake Placid,Ice Hockey,"MYSHKIN, Vladimir",URS,Men,Ice Hockey,Silver
1980,Lake Placid,Ice Hockey,"PERVUKHINE, Vasili",URS,Men,Ice Hockey,Silver
1980,Lake Placid,Ice Hockey,"PETROV, Vladimir",URS,Men,Ice Hockey,Silver
1980,Lake Placid,Ice Hockey,"SKVORTSOV, Aleksandr",URS,Men,Ice Hockey,Silver
1980,Lake Placid,Ice Hockey,"STARIKOV, Sergei",URS,Men,Ice Hockey,Silver
1980,Lake Placid,Ice Hockey,"TRETYAK, Vladislav",URS,Men,Ice Hockey,Silver
1980,Lake Placid,Ice Hockey,"VASILYEV, Valery",URS,Men,Ice Hockey,Silver
1980,Lake Placid,Ice Hockey,"ZHLUKTOV, Viktor",URS,Men,Ice Hockey,Silver
1980,Lake Placid,Luge,"AMANTOVA, Ingrida",URS,Women,Singles,Bronze
1980,Lake Placid,Luge,"ZOZULA, Vera",URS,Women,Singles,Gold
1980,Lake Placid,Skating,"MINENKOV, Andrey",URS,Men,Ice Dancing,Bronze
1980,Lake Placid,Skating,"MOISEYEVA, Irina",URS,Women,Ice Dancing,Bronze
1980,Lake Placid,Skating,"KARPONOSOV, Gennady",URS,Men,Ice Dancing,Gold
1980,Lake Placid,Skating,"LINICHUK, Natalya",URS,Women,Ice Dancing,Gold
1980,Lake Placid,Skating,"RODNINA, Irina",URS,Women,Pairs,Gold
1980,Lake Placid,Skating,"ZAYTSEV, Aleksandr",URS,Men,Pairs,Gold
1980,Lake Placid,Skating,"CHERKASOVA, Marina",URS,Women,Pairs,Silver
1980,Lake Placid,Skating,"SHAKRAY, Sergey",URS,Men,Pairs,Silver
1980,Lake Placid,Skating,"LOBANOV, Vladimir",URS,Men,1000M,Bronze
1980,Lake Placid,Skating,"PETRUSEVA, Natalya",URS,Women,1000M,Gold
1980,Lake Placid,Skating,"KULIKOV, Yevgeny",URS,Men,500M,Silver
1980,Lake Placid,Skating,"PETRUSEVA, Natalya",URS,Women,500M,Bronze
1980,Lake Placid,Skiing,"ZIMYATOV, Nikolay",URS,Men,30KM Mass Start,Gold
1980,Lake Placid,Skiing,"ROCHEV, Vasily",URS,Men,30KM Mass Start,Silver
1980,Lake Placid,Skiing,"BAZHUKOV, Nikolay",URS,Men,4X10KM Relay,Gold
1980,Lake Placid,Skiing,"BELYAEV, Yevgeny",URS,Men,4X10KM Relay,Gold
1980,Lake Placid,Skiing,"ROCHEV, Vasily",URS,Men,4X10KM Relay,Gold
1980,Lake Placid,Skiing,"ZIMYATOV, Nikolay",URS,Men,4X10KM Relay,Gold
1980,Lake Placid,Skiing,"BALDYCHEVA, Nina",URS,Women,4X5KM Relay,Silver
1980,Lake Placid,Skiing,"KULAKOVA, Galina",URS,Women,4X5KM Relay,Silver
1980,Lake Placid,Skiing,"ROCHEVA, Nina",URS,Women,4X5KM Relay,Silver
1980,Lake Placid,Skiing,"SMETANINA, Raisa",URS,Women,4X5KM Relay,Silver
1980,Lake Placid,Skiing,"ZAVYALOV, Aleksandr",URS,Men,50KM,Bronze
1980,Lake Placid,Skiing,"ZIMYATOV, Nikolay",URS,Men,50KM,Gold
1980,Lake Placid,Skiing,"SMETANINA, Raisa",URS,Women,5KM,Gold
1980,Lake Placid,Ice Hockey,"BAKER, William",USA,Men,Ice Hockey,Gold
1980,Lake Placid,Ice Hockey,"BROTEN, Neal",USA,Men,Ice Hockey,Gold
1980,Lake Placid,Ice Hockey,"CHRISTIAN, David",USA,Men,Ice Hockey,Gold
1980,Lake Placid,Ice Hockey,"CHRISTOFF, Steven",USA,Men,Ice Hockey,Gold
1980,Lake Placid,Ice Hockey,"CRAIG, James",USA,Men,Ice Hockey,Gold
1980,Lake Placid,Ice Hockey,"ERUZIONE, Michael",USA,Men,Ice Hockey,Gold
1980,Lake Placid,Ice Hockey,"HARRINGTON, John",USA,Men,Ice Hockey,Gold
1980,Lake Placid,Ice Hockey,"JOHNSON, Mark",USA,Men,Ice Hockey,Gold
1980,Lake Placid,Ice Hockey,"MCCLANAHAN, Robert",USA,Men,Ice Hockey,Gold
1980,Lake Placid,Ice Hockey,"MORROW, Kenneth",USA,Men,Ice Hockey,Gold
1980,Lake Placid,Ice Hockey,"O'CALLAHAN, John",USA,Men,Ice Hockey,Gold
1980,Lake Placid,Ice Hockey,"PAVELICH, Mark",USA,Men,Ice Hockey,Gold
1980,Lake Placid,Ice Hockey,"RAMSEY, Michael",USA,Men,Ice Hockey,Gold
1980,Lake Placid,Ice Hockey,"SCHNEIDER, William",USA,Men,Ice Hockey,Gold
1980,Lake Placid,Ice Hockey,"SILK, David",USA,Men,Ice Hockey,Gold
1980,Lake Placid,Ice Hockey,"STROBEL, Eric",USA,Men,Ice Hockey,Gold
1980,Lake Placid,Ice Hockey,"SUTER, Robert",USA,Men,Ice Hockey,Gold
1980,Lake Placid,Ice Hockey,"VERCHOTA, Philip",USA,Men,Ice Hockey,Gold
1980,Lake Placid,Ice Hockey,"WELLS, Mark",USA,Men,Ice Hockey,Gold
1980,Lake Placid,Skating,"TICKNER, Charles",USA,Men,Individual,Bronze
1980,Lake Placid,Skating,"FRATIANNE, Linda",USA,Women,Individual,Silver
1980,Lake Placid,Skating,"HEIDEN, Eric",USA,Men,10000M,Gold
1980,Lake Placid,Skating,"HEIDEN, Eric",USA,Men,1000M,Gold
1980,Lake Placid,Skating,"MUELLER, Leah",USA,Women,1000M,Silver
1980,Lake Placid,Skating,"HEIDEN, Eric",USA,Men,1500M,Gold
1980,Lake Placid,Skating,"HEIDEN, Beth",USA,Women,3000M,Bronze
1980,Lake Placid,Skating,"HEIDEN, Eric",USA,Men,5000M,Gold
1980,Lake Placid,Skating,"HEIDEN, Eric",USA,Men,500M,Gold
1980,Lake Placid,Skating,"MUELLER, Leah",USA,Women,500M,Silver
1980,Lake Placid,Skiing,"MAHRE, Phillip",USA,Men,Slalom,Silver
1984,Sarajevo,Skiing,"STEINER, Anton",AUT,Men,Downhill,Bronze
1984,Sarajevo,Skating,"ORSER, Brian",CAN,Men,Individual,Silver
1984,Sarajevo,Skating,"BOUCHER, Gaetan",CAN,Men,1000M,Gold
1984,Sarajevo,Skating,"BOUCHER, Gaetan",CAN,Men,1500M,Gold
1984,Sarajevo,Skating,"BOUCHER, Gaetan",CAN,Men,500M,Bronze
1984,Sarajevo,Skiing,"KIRVESNIEMI, Marja-Liisa",FIN,Women,10KM,Gold
1984,Sarajevo,Skiing,"KIRVESNIEMI, Harri",FIN,Men,15KM,Bronze
1984,Sarajevo,Skiing,"KARVONEN, Aki",FIN,Men,15KM,Silver
1984,Sarajevo,Skiing,"KIRVESNIEMI, Marja-Liisa",FIN,Women,20KM,Gold
1984,Sarajevo,Skiing,"KARVONEN, Aki",FIN,Men,4X10KM Relay,Bronze
1984,Sarajevo,Skiing,"KIRVESNIEMI, Harri",FIN,Men,4X10KM Relay,Bronze
1984,Sarajevo,Skiing,"MIETO, Juha",FIN,Men,4X10KM Relay,Bronze
1984,Sarajevo,Skiing,"RISTANEN, Kari",FIN,Men,4X10KM Relay,Bronze
1984,Sarajevo,Skiing,"HYYTIAINEN, Eija",FIN,Women,4X5KM Relay,Bronze
1984,Sarajevo,Skiing,"KIRVESNIEMI, Marja-Liisa",FIN,Women,4X5KM Relay,Bronze
1984,Sarajevo,Skiing,"MeeTTe, Pirkko",FIN,Women,4X5KM Relay,Bronze
1984,Sarajevo,Skiing,"MATIKAINEN, Marjo",FIN,Women,4X5KM Relay,Bronze
1984,Sarajevo,Skiing,"KARVONEN, Aki",FIN,Men,50KM,Bronze
1984,Sarajevo,Skiing,"KIRVESNIEMI, Marja-Liisa",FIN,Women,5KM,Gold
1984,Sarajevo,Skiing,"YLIPULLI, Jukka",FIN,Men,Individual,Bronze
1984,Sarajevo,Skiing,"KARJALAINEN, Jouko",FIN,Men,Individual,Silver
1984,Sarajevo,Skiing,"NYKANEN, Matti",FIN,Men,K120 Individual (90M),Gold
1984,Sarajevo,Skiing,"PUIKKONEN, Jari",FIN,Men,K90 Individual (70M),Bronze
1984,Sarajevo,Skiing,"NYKANEN, Matti",FIN,Men,K90 Individual (70M),Silver
1984,Sarajevo,Skiing,"PELEN, Perrine",FRA,Women,Giant Slalom,Bronze
1984,Sarajevo,Skiing,"BOUVET, Didier",FRA,Men,Slalom,Bronze
1984,Sarajevo,Skiing,"PELEN, Perrine",FRA,Women,Slalom,Silver
1984,Sarajevo,Biathlon,"ANGERER, Peter",FRG,Men,10KM,Silver
1984,Sarajevo,Biathlon,"ANGERER, Peter",FRG,Men,20KM,Gold
1984,Sarajevo,Biathlon,"ANGERER, Peter",FRG,Men,4X7.5KM Relay,Bronze
1984,Sarajevo,Biathlon,"FISCHER, Fritz",FRG,Men,4X7.5KM Relay,Bronze
1984,Sarajevo,Biathlon,"PICHLER, Walter",FRG,Men,4X7.5KM Relay,Bronze
1984,Sarajevo,Biathlon,"REITER, Ernst",FRG,Men,4X7.5KM Relay,Bronze
1984,Sarajevo,Luge,"STANGASSINGER, Hans",FRG,Men,Doubles,Gold
1984,Sarajevo,Luge,"WEMBACHER, Franz",FRG,Men,Doubles,Gold
1984,Sarajevo,Skating,"DEAN, Christopher",GBR,Men,Ice Dancing,Gold
1984,Sarajevo,Skating,"TORVILL, Jayne",GBR,Women,Ice Dancing,Gold
1984,Sarajevo,Biathlon,"JACOB, Matthias",GDR,Men,10KM,Bronze
1984,Sarajevo,Biathlon,"ROETSCH, Frank-Peter",GDR,Men,20KM,Silver
1984,Sarajevo,Bobsleigh,"HOPPE, Wolfgang",GDR,Men,Four-Man,Gold
1984,Sarajevo,Bobsleigh,"KIRCHNER, Andreas",GDR,Men,Four-Man,Gold
1984,Sarajevo,Bobsleigh,"SCHAUERHAMMER, Dietmar",GDR,Men,Four-Man,Gold
1984,Sarajevo,Bobsleigh,"WETZIG, Roland",GDR,Men,Four-Man,Gold
1984,Sarajevo,Bobsleigh,"LEHMANN, Bernhard",GDR,Men,Four-Man,Silver
1984,Sarajevo,Bobsleigh,"MUSIOL, Bogdan",GDR,Men,Four-Man,Silver
1984,Sarajevo,Bobsleigh,"VOGE, Ingo",GDR,Men,Four-Man,Silver
1984,Sarajevo,Bobsleigh,"WEISE, Eberhard",GDR,Men,Four-Man,Silver
1984,Sarajevo,Bobsleigh,"HOPPE, Wolfgang",GDR,Men,Two-Man,Gold
1984,Sarajevo,Bobsleigh,"SCHAUERHAMMER, Dietmar",GDR,Men,Two-Man,Gold
1984,Sarajevo,Bobsleigh,"LEHMANN, Bernhard",GDR,Men,Two-Man,Silver
1984,Sarajevo,Bobsleigh,"MUSIOL, Bogdan",GDR,Men,Two-Man,Silver
1984,Sarajevo,Luge,"HOFFMANN, Je_rg",GDR,Men,Doubles,Bronze
1984,Sarajevo,Luge,"PIETZSCH, Jochen",GDR,Men,Doubles,Bronze
1984,Sarajevo,Luge,"OBERHOFFNER, Ute",GDR,Women,Singles,Bronze
1984,Sarajevo,Luge,"WALTER, Steffi",GDR,Women,Singles,Gold
1984,Sarajevo,Luge,"SCHMIDT, Bettina",GDR,Women,Singles,Silver
1984,Sarajevo,Skating,"WITT, Katarina",GDR,Women,Individual,Gold
1984,Sarajevo,Skating,"SCHe_FISCH, Rene",GDR,Men,10000M,Bronze
1984,Sarajevo,Skating,"KANIA, Karin",GDR,Women,1000M,Gold
1984,Sarajevo,Skating,"EHRIG, Andrea",GDR,Women,1000M,Silver
1984,Sarajevo,Skating,"KANIA, Karin",GDR,Women,1500M,Gold
1984,Sarajevo,Skating,"EHRIG, Andrea",GDR,Women,1500M,Silver
1984,Sarajevo,Skating,"ZANGE, Gabi",GDR,Women,3000M,Bronze
1984,Sarajevo,Skating,"EHRIG, Andrea",GDR,Women,3000M,Gold
1984,Sarajevo,Skating,"KANIA, Karin",GDR,Women,3000M,Silver
1984,Sarajevo,Skating,"SCHe_FISCH, Rene",GDR,Men,5000M,Bronze
1984,Sarajevo,Skating,"LUDING, Christa",GDR,Women,500M,Gold
1984,Sarajevo,Skating,"KANIA, Karin",GDR,Women,500M,Silver
1984,Sarajevo,Skiing,"WEISSFLOG, Jens",GDR,Men,K120 Individual (90M),Silver
1984,Sarajevo,Skiing,"WEISSFLOG, Jens",GDR,Men,K90 Individual (70M),Gold
1984,Sarajevo,Luge,"HILDGARTNER, Paul",ITA,Men,Singles,Gold
1984,Sarajevo,Skiing,"MAGONI, Paoletta",ITA,Women,Slalom,Gold
1984,Sarajevo,Skating,"KITAZAWA, Yoshihiro",JPN,Men,500M,Silver
1984,Sarajevo,Skiing,"WENZEL, Andreas",LIE,Men,Giant Slalom,Bronze
1984,Sarajevo,Skiing,"KONZETT, Ursula",LIE,Women,Slalom,Bronze
1984,Sarajevo,Biathlon,"KVALFOSS, Eirik",NOR,Men,10KM,Gold
1984,Sarajevo,Biathlon,"KVALFOSS, Eirik",NOR,Men,20KM,Bronze
1984,Sarajevo,Biathlon,"KVALFOSS, Eirik",NOR,Men,4X7.5KM Relay,Silver
1984,Sarajevo,Biathlon,"LIRHUS, Odd",NOR,Men,4X7.5KM Relay,Silver
1984,Sarajevo,Biathlon,"Se_BAK, Kjell",NOR,Men,4X7.5KM Relay,Silver
1984,Sarajevo,Biathlon,"STORSVEEN, Rolf",NOR,Men,4X7.5KM Relay,Silver
1984,Sarajevo,Skating,"ENGELSTAD, Kai Arne",NOR,Men,1000M,Bronze
1984,Sarajevo,Skiing,"PETTERSEN, Brit",NOR,Women,10KM,Bronze
1984,Sarajevo,Skiing,"JAHREN, Anne",NOR,Women,20KM,Bronze
1984,Sarajevo,Skiing,"AUNLI, Berit",NOR,Women,4X5KM Relay,Gold
1984,Sarajevo,Skiing,"JAHREN, Anne",NOR,Women,4X5KM Relay,Gold
1984,Sarajevo,Skiing,"NYBRAATEN, Inger Helene",NOR,Women,4X5KM Relay,Gold
1984,Sarajevo,Skiing,"PETTERSEN, Brit",NOR,Women,4X5KM Relay,Gold
1984,Sarajevo,Skiing,"AUNLI, Berit",NOR,Women,5KM,Silver
1984,Sarajevo,Skiing,"SANDBERG, Tom",NOR,Men,Individual,Gold
1984,Sarajevo,Bobsleigh,"FREIERMUTH, Rico",SUI,Men,Four-Man,Bronze
1984,Sarajevo,Bobsleigh,"GIOBELLINA, Silvio",SUI,Men,Four-Man,Bronze
1984,Sarajevo,Bobsleigh,"SALZMANN, Urs",SUI,Men,Four-Man,Bronze
1984,Sarajevo,Bobsleigh,"STETTLER, Heinz",SUI,Men,Four-Man,Bronze
1984,Sarajevo,Skiing,"MeeLLER, Peter",SUI,Men,Downhill,Silver
1984,Sarajevo,Skiing,"FIGINI, Michela",SUI,Women,Downhill,Gold
1984,Sarajevo,Skiing,"WALLISER, Maria",SUI,Women,Downhill,Silver
1984,Sarajevo,Skiing,"JULEN, Max",SUI,Men,Giant Slalom,Gold
1984,Sarajevo,Ice Hockey,"AAHLEN, Thomas",SWE,Men,Ice Hockey,Bronze
1984,Sarajevo,Ice Hockey,"EKLUND, Per-Erik",SWE,Men,Ice Hockey,Bronze
1984,Sarajevo,Ice Hockey,"EKLUND, Thomas",SWE,Men,Ice Hockey,Bronze
1984,Sarajevo,Ice Hockey,"ERICSSON, Bo",SWE,Men,Ice Hockey,Bronze
1984,Sarajevo,Ice Hockey,"ERIKSSON, Lars Haakan",SWE,Men,Ice Hockey,Bronze
1984,Sarajevo,Ice Hockey,"GRADIN, Peter",SWE,Men,Ice Hockey,Bronze
1984,Sarajevo,Ice Hockey,"HESSEL, Mats",SWE,Men,Ice Hockey,Bronze
1984,Sarajevo,Ice Hockey,"HJeLM, Peter Michael",SWE,Men,Ice Hockey,Bronze
1984,Sarajevo,Ice Hockey,"LINDBLOM, Ge_ran",SWE,Men,Ice Hockey,Bronze
1984,Sarajevo,Ice Hockey,"Me_RTH, Tommy",SWE,Men,Ice Hockey,Bronze
1984,Sarajevo,Ice Hockey,"NORDIN, Leif Haakan",SWE,Men,Ice Hockey,Bronze
1984,Sarajevo,Ice Hockey,"e_HLING, Jens",SWE,Men,Ice Hockey,Bronze
1984,Sarajevo,Ice Hockey,"RIDDERVALL, Rolf-Lennart",SWE,Men,Ice Hockey,Bronze
1984,Sarajevo,Ice Hockey,"RUNDQVIST, Thomas",SWE,Men,Ice Hockey,Bronze
1984,Sarajevo,Ice Hockey,"SANDSTROEM, Thomas",SWE,Men,Ice Hockey,Bronze
1984,Sarajevo,Ice Hockey,"Se_DERGREN, Karl Haakan",SWE,Men,Ice Hockey,Bronze
1984,Sarajevo,Ice Hockey,"THELIN, Mats",SWE,Men,Ice Hockey,Bronze
1984,Sarajevo,Ice Hockey,"THELVEN, Arne Michael",SWE,Men,Ice Hockey,Bronze
1984,Sarajevo,Ice Hockey,"WeLITALO, Ge_te",SWE,Men,Ice Hockey,Bronze
1984,Sarajevo,Ice Hockey,"WALTIN, Mats",SWE,Men,Ice Hockey,Bronze
1984,Sarajevo,Skating,"GUSTAFSON, Tomas",SWE,Men,10000M,Silver
1984,Sarajevo,Skating,"GUSTAFSON, Tomas",SWE,Men,5000M,Gold
1984,Sarajevo,Skiing,"SVAN, Gunde Anders",SWE,Men,15KM,Gold
1984,Sarajevo,Skiing,"SVAN, Gunde Anders",SWE,Men,30KM Mass Start,Bronze
1984,Sarajevo,Skiing,"KOHLBERG, Benny Tord",SWE,Men,4X10KM Relay,Gold
1984,Sarajevo,Skiing,"OTTOSSON, Jan",SWE,Men,4X10KM Relay,Gold
1984,Sarajevo,Skiing,"SVAN, Gunde Anders",SWE,Men,4X10KM Relay,Gold
1984,Sarajevo,Skiing,"WASSBERG, Thomas",SWE,Men,4X10KM Relay,Gold
1984,Sarajevo,Skiing,"WASSBERG, Thomas",SWE,Men,50KM,Gold
1984,Sarajevo,Skiing,"SVAN, Gunde Anders",SWE,Men,50KM,Silver
1984,Sarajevo,Ice Hockey,"BENAK, Jaroslav",TCH,Men,Ice Hockey,Silver
1984,Sarajevo,Ice Hockey,"CALDR, Vladimir",TCH,Men,Ice Hockey,Silver
1984,Sarajevo,Ice Hockey,"CERNIK, Frantisek",TCH,Men,Ice Hockey,Silver
1984,Sarajevo,Ice Hockey,"CHALUPA, Milan",TCH,Men,Ice Hockey,Silver
1984,Sarajevo,Ice Hockey,"HORAVA, Miloslav",TCH,Men,Ice Hockey,Silver
1984,Sarajevo,Ice Hockey,"HRDINA, Jiri",TCH,Men,Ice Hockey,Silver
1984,Sarajevo,Ice Hockey,"KADLEC, Arnold",TCH,Men,Ice Hockey,Silver
1984,Sarajevo,Ice Hockey,"KORBELA, Jaroslav",TCH,Men,Ice Hockey,Silver
1984,Sarajevo,Ice Hockey,"KRALIK, Jiri",TCH,Men,Ice Hockey,Silver
1984,Sarajevo,Ice Hockey,"KYHOS, Vladimir",TCH,Men,Ice Hockey,Silver
1984,Sarajevo,Ice Hockey,"LALA, Jiri",TCH,Men,Ice Hockey,Silver
1984,Sarajevo,Ice Hockey,"LIBA, Igor",TCH,Men,Ice Hockey,Silver
1984,Sarajevo,Ice Hockey,"LUKAC, Vincent",TCH,Men,Ice Hockey,Silver
1984,Sarajevo,Ice Hockey,"PASEK, Dusan",TCH,Men,Ice Hockey,Silver
1984,Sarajevo,Ice Hockey,"RICHTER, Pavel",TCH,Men,Ice Hockey,Silver
1984,Sarajevo,Ice Hockey,"RUSNAK, Darius",TCH,Men,Ice Hockey,Silver
1984,Sarajevo,Ice Hockey,"RUZICKA, Vladimir",TCH,Men,Ice Hockey,Silver
1984,Sarajevo,Ice Hockey,"SINDEL, Jaromir",TCH,Men,Ice Hockey,Silver
1984,Sarajevo,Ice Hockey,"SVOBODA, Radoslav",TCH,Men,Ice Hockey,Silver
1984,Sarajevo,Ice Hockey,"UVIRA, Eduard",TCH,Men,Ice Hockey,Silver
1984,Sarajevo,Skating,"SABOVCIK, Josef",TCH,Men,Individual,Bronze
1984,Sarajevo,Skiing,"CHARVATOVA, Olga",TCH,Women,Downhill,Bronze
1984,Sarajevo,Skiing,"JERIOVA, Kvetoslava",TCH,Women,4X5KM Relay,Silver
1984,Sarajevo,Skiing,"PAULU, Blanka",TCH,Women,4X5KM Relay,Silver
1984,Sarajevo,Skiing,"SCHVUBOVA, Dagmar",TCH,Women,4X5KM Relay,Silver
1984,Sarajevo,Skiing,"SVOBODOVA, Gabriela",TCH,Women,4X5KM Relay,Silver
1984,Sarajevo,Skiing,"JERIOVA, Kvetoslava",TCH,Women,5KM,Bronze
1984,Sarajevo,Skiing,"PLOC, Pavel",TCH,Men,K120 Individual (90M),Bronze
1984,Sarajevo,Biathlon,"BULIGINE, Sergei",URS,Men,4X7.5KM Relay,Gold
1984,Sarajevo,Biathlon,"KACHKAROV, Yuri",URS,Men,4X7.5KM Relay,Gold
1984,Sarajevo,Biathlon,"SHALNA, Alguimantas",URS,Men,4X7.5KM Relay,Gold
1984,Sarajevo,Biathlon,"VASSILIEV, Dmitri",URS,Men,4X7.5KM Relay,Gold
1984,Sarajevo,Bobsleigh,"ALEKSANDROV, Vladimir",URS,Men,Two-Man,Bronze
1984,Sarajevo,Bobsleigh,"EKMANIS, Zintis",URS,Men,Two-Man,Bronze
1984,Sarajevo,Ice Hockey,"BILJALETDINOV, Zinetula",URS,Men,Ice Hockey,Gold
1984,Sarajevo,Ice Hockey,"CHEPELEV, Sergei",URS,Men,Ice Hockey,Gold
1984,Sarajevo,Ice Hockey,"DROZDETSKI, Nikolai",URS,Men,Ice Hockey,Gold
1984,Sarajevo,Ice Hockey,"FETISOV, Viacheslav",URS,Men,Ice Hockey,Gold
1984,Sarajevo,Ice Hockey,"GERASIMOV, Aleksandr",URS,Men,Ice Hockey,Gold
1984,Sarajevo,Ice Hockey,"KASATONOV, Aleksei",URS,Men,Ice Hockey,Gold
1984,Sarajevo,Ice Hockey,"KOMUTOV, Andrei",URS,Men,Ice Hockey,Gold
1984,Sarajevo,Ice Hockey,"KOVIN, Vladimir",URS,Men,Ice Hockey,Gold
1984,Sarajevo,Ice Hockey,"KOZHERNIKOV, Aleksandr",URS,Men,Ice Hockey,Gold
1984,Sarajevo,Ice Hockey,"KRUTOV, Vladimir",URS,Men,Ice Hockey,Gold
1984,Sarajevo,Ice Hockey,"LARIONOV, Igor",URS,Men,Ice Hockey,Gold
1984,Sarajevo,Ice Hockey,"MAKAROV, Sergei",URS,Men,Ice Hockey,Gold
1984,Sarajevo,Ice Hockey,"MYSHKIN, Vladimir",URS,Men,Ice Hockey,Gold
1984,Sarajevo,Ice Hockey,"PERVUKHINE, Vasili",URS,Men,Ice Hockey,Gold
1984,Sarajevo,Ice Hockey,"SKVORTSOV, Aleksandr",URS,Men,Ice Hockey,Gold
1984,Sarajevo,Ice Hockey,"STARIKOV, Sergei",URS,Men,Ice Hockey,Gold
1984,Sarajevo,Ice Hockey,"STELNOV, Igor",URS,Men,Ice Hockey,Gold
1984,Sarajevo,Ice Hockey,"TRETYAK, Vladislav",URS,Men,Ice Hockey,Gold
1984,Sarajevo,Ice Hockey,"TUMENEV, Viktor",URS,Men,Ice Hockey,Gold
1984,Sarajevo,Ice Hockey,"VASSILIEV, Mikhail",URS,Men,Ice Hockey,Gold
1984,Sarajevo,Luge,"BELIAKOV, Aleksandr",URS,Men,Doubles,Silver
1984,Sarajevo,Luge,"BELUSOV, Evgeni",URS,Men,Doubles,Silver
1984,Sarajevo,Luge,"DUDIN, Valery",URS,Men,Singles,Bronze
1984,Sarajevo,Luge,"DANILIN, Sergey",URS,Men,Singles,Silver
1984,Sarajevo,Skating,"KLIMOVA, Marina",URS,Women,Ice Dancing,Bronze
1984,Sarajevo,Skating,"PONOMARENKO, Sergey",URS,Men,Ice Dancing,Bronze
1984,Sarajevo,Skating,"BESTEMYANOVA, Natalya",URS,Women,Ice Dancing,Silver
1984,Sarajevo,Skating,"BUKIN, Andrey",URS,Men,Ice Dancing,Silver
1984,Sarajevo,Skating,"IVANOVA, Kira",URS,Women,Individual,Bronze
1984,Sarajevo,Skating,"MAKAROV, Oleg",URS,Men,Pairs,Bronze
1984,Sarajevo,Skating,"SELEZNYOVA, Larisa",URS,Women,Pairs,Bronze
1984,Sarajevo,Skating,"VALOVA, Yelena",URS,Women,Pairs,Gold
1984,Sarajevo,Skating,"VASILYEV, Oleg",URS,Men,Pairs,Gold
1984,Sarajevo,Skating,"MALKOV, Igor",URS,Men,10000M,Gold
1984,Sarajevo,Skating,"KHLEBNIKOV, Sergey",URS,Men,1000M,Silver
1984,Sarajevo,Skating,"PETRUSEVA, Natalya",URS,Women,1000M,Bronze
1984,Sarajevo,Skating,"BOZHYEV, Oleg",URS,Men,1500M,Bronze
1984,Sarajevo,Skating,"KHLEBNIKOV, Sergey",URS,Men,1500M,Silver
1984,Sarajevo,Skating,"PETRUSEVA, Natalya",URS,Women,1500M,Bronze
1984,Sarajevo,Skating,"MALKOV, Igor",URS,Men,5000M,Silver
1984,Sarajevo,Skating,"FOKICHEV, Sergey",URS,Men,500M,Gold
1984,Sarajevo,Skating,"SHIVE, Natalya",URS,Women,500M,Bronze
1984,Sarajevo,Skiing,"SMETANINA, Raisa",URS,Women,10KM,Silver
1984,Sarajevo,Skiing,"SMETANINA, Raisa",URS,Women,20KM,Silver
1984,Sarajevo,Skiing,"ZIMYATOV, Nikolay",URS,Men,30KM Mass Start,Gold
1984,Sarajevo,Skiing,"ZAVYALOV, Aleksandr",URS,Men,30KM Mass Start,Silver
1984,Sarajevo,Skiing,"BATIUK, Aleksandr",URS,Men,4X10KM Relay,Silver
1984,Sarajevo,Skiing,"NIKITINE, Vladimir",URS,Men,4X10KM Relay,Silver
1984,Sarajevo,Skiing,"ZAVYALOV, Aleksandr",URS,Men,4X10KM Relay,Silver
1984,Sarajevo,Skiing,"ZIMYATOV, Nikolay",URS,Men,4X10KM Relay,Silver
1984,Sarajevo,Skating,"HAMILTON, Scott",USA,Men,Individual,Gold
1984,Sarajevo,Skating,"SUMNERS, Rosalyn",USA,Women,Individual,Silver
1984,Sarajevo,Skating,"CARRUTHERS, Kitty",USA,Women,Pairs,Silver
1984,Sarajevo,Skating,"CARRUTHERS, Peter",USA,Men,Pairs,Silver
1984,Sarajevo,Skiing,"JOHNSON, William",USA,Men,Downhill,Gold
1984,Sarajevo,Skiing,"ARMSTRONG, Debbie",USA,Women,Giant Slalom,Gold
1984,Sarajevo,Skiing,"COOPER, Christin",USA,Women,Giant Slalom,Silver
1984,Sarajevo,Skiing,"MAHRE, Phillip",USA,Men,Slalom,Gold
1984,Sarajevo,Skiing,"MAHRE, Steven",USA,Men,Slalom,Silver
1984,Sarajevo,Skiing,"FRANKO, Jure",YUG,Men,Giant Slalom,Silver
